Workbook

Sheet Morgan Stanley
A1: MORGAN STANLEY | G1: S & P 500
A2: Date | B2: Open | C2: Close | D2: HPR MS | E2: HPR S&P 500 | G2: Date | H2: Open | I2: Close | J2: HPR-S&P500
A3: 43318 | B3: 50.13 | C3: 48.39 | D3: =(C3-B3)/B3 -> -0.034709755 | E3: ='S&P 500'!D2:D263 -> 0.0051737637 | G3: 43318 | H3: 2855.92 | I3: 2833.28 | J3: =(I3-H3)/H3 -> -0.0079273929
A4: 43325 | B4: 48.34 | C4: 48.37 | D4: =(C4-B4)/B4 -> 0.00062060405 | E4: ='S&P 500'!D3:D264 -> 0.0072741798 | G4: 43325 | H4: 2835.46 | I4: 2850.13 | J4: =(I4-H4)/H4 -> 0.0051737637
A5: 43332 | B5: 48.33 | C5: 48.14 | D5: =(C5-B5)/B5 -> -0.0039313056 | E5: ='S&P 500'!D4:D265 -> 0.0058342491 | G5: 43332 | H5: 2853.93 | I5: 2874.69 | J5: =(I5-H5)/H5 -> 0.0072741798
A6: 43339 | B6: 48.48 | C6: 48.83 | D6: =(C6-B6)/B6 -> 0.0072194719 | E6: ='S&P 500'!D5:D266 -> -0.008726389 | G6: 43339 | H6: 2884.69 | I6: 2901.52 | J6: =(I6-H6)/H6 -> 0.0058342491
A7: 43346 | B7: 48.86 | C7: 48.22 | D7: =(C7-B7)/B7 -> -0.013098649 | E7: ='S&P 500'!D6:D267 -> 0.0081870208 | G7: 43346 | H7: 2896.96 | I7: 2871.68 | J7: =(I7-H7)/H7 -> -0.008726389
A8: 43353 | B8: 48.37 | C8: 48.19 | D8: =(C8-B8)/B8 -> -0.0037213149 | E8: ='S&P 500'!D7:D268 -> 0.0088985925 | G8: 43353 | H8: 2881.39 | I8: 2904.98 | J8: =(I8-H8)/H8 -> 0.0081870208
A9: 43360 | B9: 48.5 | C9: 49.41 | D9: =(C9-B9)/B9 -> 0.018762887 | E9: ='S&P 500'!D8:D269 -> -0.0026866724 | G9: 43360 | H9: 2903.83 | I9: 2929.67 | J9: =(I9-H9)/H9 -> 0.0088985925
A10: 43367 | B10: 49.37 | C10: 46.57 | D10: =(C10-B10)/B10 -> -0.056714604 | E10: ='S&P 500'!D9:D270 -> -0.013915231 | G10: 43367 | H10: 2921.83 | I10: 2913.98 | J10: =(I10-H10)/H10 -> -0.0026866724
A11: 43374 | B11: 46.92 | C11: 46.75 | D11: =(C11-B11)/B11 -> -0.0036231884 | E11: ='S&P 500'!D10:D271 -> -0.038366238 | G11: 43374 | H11: 2926.29 | I11: 2885.57 | J11: =(I11-H11)/H11 -> -0.013915231
A12: 43381 | B12: 46.51 | C12: 43.43 | D12: =(C12-B12)/B12 -> -0.066222318 | E12: ='S&P 500'!D11:D272 -> 0.0014291762 | G12: 43381 | H12: 2877.53 | I12: 2767.13 | J12: =(I12-H12)/H12 -> -0.038366238
A13: 43388 | B13: 43.42 | C13: 46.42 | D13: =(C13-B13)/B13 -> 0.069092584 | E13: ='S&P 500'!D12:D273 -> -0.041547402 | G13: 43388 | H13: 2763.83 | I13: 2767.78 | J13: =(I13-H13)/H13 -> 0.0014291762
A14: 43395 | B14: 46.43 | C14: 43.97 | D14: =(C14-B14)/B14 -> -0.052982985 | E14: ='S&P 500'!D13:D274 -> 0.015063463 | G14: 43395 | H14: 2773.94 | I14: 2658.69 | J14: =(I14-H14)/H14 -> -0.041547402
... A264: 45145 | B264: 89.45 | C264: 88.47 | D264: =(C264-B264)/B264 -> -0.010955841 | E264: ='S&P 500'!D263:D524 -> 0 | G264: 45145 | H264: 4491.58 | I264: 4518.44 | J264: =(I264-H264)/H264 -> 0.0059800783
C266: Morgan Stanley | I266: S&P 500
C267: Weekly Mean | D267: =AVERAGE(D3:D264) -> 0.0036493383 | I267: Weekly Mean | J267: =AVERAGE(J3:J264) -> 0.0024131438
C268: Standard Deviation | D268: =STDEV(D3:D264) -> 0.039816371 | I268: Standard Deviation | J268: =STDEV(J3:J264) -> 0.024758462
C269: Correlation | D269: =CORREL(D3:D264,E3:E264) -> -0.024512659
C271: BETA 1st Method | D271: =(D268/J268)*D269 -> -0.039421073
C272: BETA using slope | D272: =SLOPE(D3:D264,E3:E264) -> -0.039433565 | I272: SOURCES
C273: Effective Annual Rate | D273: =(1+D267)^52-1 -> 0.20854864 | E273: =(1+J267)^52-1 -> 0.13352508 | I273: Morgan Stanley
I274: Morgan Stanley historical data
I275: S&P 500
C276: CAPM | I276: S&P 500 historical data
C277: E(s)=(RFR + MRP) * β | D277: =(D279+D278)*D272 -> -0.0052653699 | I277: Risk Free Rate
C278: Market Risk Premium (EAR-RFR) | D278: =E273-D279 -> 0.090825081 | I278: Risk Free Rate
C279: Risk Free Rate | D279: 0.0427

Sheet S&P 500
A1: Date | B1: Open | C1: Close | D1: HPR-S&P500
A2: 43318 | B2: 2855.92 | C2: 2833.28 | D2: =(C2-B2)/B2 -> -0.0079273929
A3: 43325 | B3: 2835.46 | C3: 2850.13 | D3: =(C3-B3)/B3 -> 0.0051737637
A4: 43332 | B4: 2853.93 | C4: 2874.69 | D4: =(C4-B4)/B4 -> 0.0072741798
A5: 43339 | B5: 2884.69 | C5: 2901.52 | D5: =(C5-B5)/B5 -> 0.0058342491
A6: 43346 | B6: 2896.96 | C6: 2871.68 | D6: =(C6-B6)/B6 -> -0.008726389
A7: 43353 | B7: 2881.39 | C7: 2904.98 | D7: =(C7-B7)/B7 -> 0.0081870208
A8: 43360 | B8: 2903.83 | C8: 2929.67 | D8: =(C8-B8)/B8 -> 0.0088985925
A9: 43367 | B9: 2921.83 | C9: 2913.98 | D9: =(C9-B9)/B9 -> -0.0026866724
A10: 43374 | B10: 2926.29 | C10: 2885.57 | D10: =(C10-B10)/B10 -> -0.013915231
A11: 43381 | B11: 2877.53 | C11: 2767.13 | D11: =(C11-B11)/B11 -> -0.038366238
A12: 43388 | B12: 2763.83 | C12: 2767.78 | D12: =(C12-B12)/B12 -> 0.0014291762
A13: 43395 | B13: 2773.94 | C13: 2658.69 | D13: =(C13-B13)/B13 -> -0.041547402
... A263: 45145 | B263: 4491.58 | C263: 4518.44 | D263: =(C263-B263)/B263 -> 0.0059800783
